true_model,completed_model
168.67880574434173,292.39213213321034
45.254513115592786,627.6800895827914
47.8815186258762,265.27528297244436
59.077835703223954,185.56876136021376
133.49684405946695,26.69724501947054
52.30654319728997,5.429775774127181
153.06200045059165,967.3735655114116
671.23717454392,86.07880500152613
216.5077003100986,7.507665525090598
2.780354541725897e8,551967.1901273998
171.79277498538488,3.3048498306051513
