time,slack,completed_ll,true_ll,mnl_ll
0.231542499,1068.7912659226545,72416.58913466254,68628.05629920363,71300.34391053864
0.874065801,959.6396099608868,73645.86400592867,68628.05629920363,71300.34391053864
3.492151601,565.1995968907167,71747.74786139197,68628.05629920363,71300.34391053864
11.621482999,364.33194892792096,71777.12470791768,68628.05629920363,71300.34391053864
18.335762801,245.6760186804664,72322.33938710109,68628.05629920363,71300.34391053864
