time,slack,completed_ll,true_ll,mnl_ll
0.4618148,1474.9728718621125,76435.81860016006,74687.73636759346,75813.64607261287
9.5317763,1173.5571823600067,76159.86780979321,74687.73636759346,75813.64607261287
11.5515045,1110.465326718817,75576.18333767039,74687.73636759346,75813.64607261287
15.415034599,820.3991959244165,75858.19018105231,74687.73636759346,75813.64607261287
34.999826999,627.2489323718537,75890.21845781743,74687.73636759346,75813.64607261287
48.902014599,495.90270825205306,75716.16177684932,74687.73636759346,75813.64607261287
23.503026701,291.94134072958906,75942.99679586591,74687.73636759346,75813.64607261287
