time,slack,completed_ll,true_ll,mnl_ll
0.118580301,106.7180886187971,59032.82740843165,51102.513759491696,52231.41790911637
0.3347279,84.79953539652546,55039.55442343701,51102.513759491696,52231.41790911637
0.683572301,64.68937253508341,53576.78138280247,51102.513759491696,52231.41790911637
0.6493939,32.26806325862737,52884.75471956221,51102.513759491696,52231.41790911637
0.953673001,-3.7470482201600103e-6,53082.885463911996,51102.513759491696,52231.41790911637
1.005961199,-3.747037715177541e-6,58127.370831180815,51102.513759491696,52231.41790911637
1.508248099,-3.74709918701177e-6,53548.655988795756,51102.513759491696,52231.41790911637
