time,slack,completed_ll,true_ll,mnl_ll
0.176137101,288.755760918127,70501.23371535404,67540.41360850965,68778.17507179263
3.8191451,259.6060932064041,69377.56953860832,67540.41360850965,68778.17507179263
4.8475404,204.98934798792263,69095.40461114881,67540.41360850965,68778.17507179263
11.472529201,161.7017982923517,69236.13656057116,67540.41360850965,68778.17507179263
14.500791501,127.63046386735829,69248.79265221092,67540.41360850965,68778.17507179263
