time,slack,completed_ll,true_ll,mnl_ll
0.1419955,253.63461952504036,56222.46557502025,38883.86969603523,40620.06625383296
2.2436244,110.0734308194014,52408.73930639792,38883.86969603523,40620.06625383296
3.8495985,76.4099817319351,49491.392225514275,38883.86969603523,40620.06625383296
8.861490501,10.07850406565568,47527.905474180814,38883.86969603523,40620.06625383296
3.8102158,-3.7463668749323064e-6,43091.25519806713,38883.86969603523,40620.06625383296
