time,slack,completed_ll,true_ll,mnl_ll
0.0877651,69.63732989630502,53758.08296110955,48201.895249930865,49528.13476466267
0.6180752,37.89930853755047,50281.96512462279,48201.895249930865,49528.13476466267
0.8762906,26.230927251715535,49705.77883589404,48201.895249930865,49528.13476466267
1.2121864,9.151528226460893,50383.00044452388,48201.895249930865,49528.13476466267
1.1638427,-4.545454549242083e-6,49781.70348587945,48201.895249930865,49528.13476466267
0.8630512,-4.5454545469977955e-6,50108.90879545463,48201.895249930865,49528.13476466267
1.8356215,-4.545454549714207e-6,50714.173055266496,48201.895249930865,49528.13476466267
