time,slack,completed_ll,true_ll,mnl_ll
0.2997983,824.483812070461,69260.24935518649,65134.24879640009,66943.38055921328
4.4517676,675.8893077480144,68980.98616947966,65134.24879640009,66943.38055921328
4.8109634,549.1735911861774,68617.27024711797,65134.24879640009,66943.38055921328
38.6894903,353.52530287472035,67826.64456679541,65134.24879640009,66943.38055921328
30.9708432,338.1910616439828,67514.91011843695,65134.24879640009,66943.38055921328
